{"cameraMode":{"drawMode":0,"name":"Shaded","section":"Shading Mode"},"sceneLighting":false,"audioPlay":false,"sceneViewState":{"showFog":true,"showMaterialUpdate":false,"showSkybox":false,"showFlares":true,"showImageEffects":true,"showParticleSystems":true},"in2DMode":false,"pivot":{"x":5.090817928314209,"y":-1.774923324584961,"z":2.456740140914917},"rotation":{"x":0.15872137248516084,"y":0.6984106302261353,"z":-0.16341827809810639,"w":0.6786150932312012},"size":13.647979736328125,"orthographic":false}