{"cameraMode":{"drawMode":0,"name":"Shaded","section":"Shading Mode"},"sceneLighting":true,"audioPlay":false,"sceneViewState":{"showFog":true,"showMaterialUpdate":false,"showSkybox":true,"showFlares":true,"showImageEffects":true,"showParticleSystems":true},"in2DMode":false,"pivot":{"x":13.59939193725586,"y":-83.84016418457031,"z":55.25130844116211},"rotation":{"x":0.6050820350646973,"y":0.0060728383250534538,"z":-0.004879956133663654,"w":0.7962658405303955},"size":216.76675415039063,"orthographic":false}