{"cameraMode":{"drawMode":0,"name":"Shaded","section":"Shading Mode"},"sceneLighting":true,"audioPlay":false,"sceneViewState":{"showFog":true,"showMaterialUpdate":false,"showSkybox":false,"showFlares":true,"showImageEffects":true,"showParticleSystems":true},"in2DMode":false,"pivot":{"x":2.4063680171966554,"y":-6.576030254364014,"z":36.7870979309082},"rotation":{"x":-0.31865301728248598,"y":-0.009352641180157662,"z":0.00317846005782485,"w":-0.9478743672370911},"size":86.62708282470703,"orthographic":false}