{"cameraMode":{"drawMode":0,"name":"Shaded","section":"Shading Mode"},"sceneLighting":false,"audioPlay":false,"sceneViewState":{"showFog":true,"showMaterialUpdate":false,"showSkybox":false,"showFlares":true,"showImageEffects":true,"showParticleSystems":true},"in2DMode":false,"pivot":{"x":-12.973775863647461,"y":-3.9358744621276857,"z":3.151015043258667},"rotation":{"x":0.16119305789470673,"y":-0.5806759595870972,"z":0.11834818869829178,"w":0.7893332839012146},"size":23.252540588378908,"orthographic":false}