{"cameraMode":{"drawMode":0,"name":"Shaded","section":"Shading Mode"},"sceneLighting":false,"audioPlay":false,"sceneViewState":{"showFog":true,"showMaterialUpdate":false,"showSkybox":false,"showFlares":true,"showImageEffects":true,"showParticleSystems":true},"in2DMode":false,"pivot":{"x":-0.0034973621368408205,"y":0.16516509652137757,"z":-0.434999942779541},"rotation":{"x":0.3632095754146576,"y":0.3361815810203552,"z":-0.14261257648468018,"w":0.8572848439216614},"size":8.38001537322998,"orthographic":false}